create table address (
     id int8 generated by default as identity,
     street varchar(255),
     primary key (id));

create table address_employee_list (
    address_id int8 not null,
    employee_list_id int8 not null);

create table employee (
      id int8 not null,
      first_name varchar(255),
      last_name varchar(255),
      address_id int8,
      primary key (id));

create table passport (
    id int8 generated by default as identity,
    passport_number varchar(255),
    primary key (id));

alter table address_employee_list
add constraint UK_43ofmc1hf6n72s9ue72imdu8g
unique (employee_list_id);

alter table address_employee_list
add constraint FK2nmsgm91dpbrd9ft63fq4k0nm
foreign key (employee_list_id) references employee;

alter table address_employee_list
add constraint FKjno7ufhtwj2tm955tkrde1dnw
foreign key (address_id) references address;

alter table employee
add constraint employee_address_fk
foreign key (address_id) references address;

alter table employee
add constraint employee_passport_fk
foreign key (id) references passport;

create table users (id bigint generated by default as identity,
     email varchar(255), first_name varchar(255),
     last_name varchar(255),
     password varchar(255),
     role varchar(255),
     status varchar(255), primary key (id));

insert into  USERS values (1, 'user@mail.com', 'admin', 'admin', '$2a$12$Tzr4p6DheoWl7HTWsMi/nurpBPVhq35S2uQYY4LGtml3bausLo1Iq', 'ADMIN', 'ACTIVE');

insert into ADDRESS (id, street) values

  (1,'Ap #714-2179 Dui. Ave'),
  (2,'Ap #690-1283 Sit St.'),
  (3,'Ap #577-7015 Non, Street'),
  (4,'Ap #784-1877 Neque. Ave'),
  (5,'Ap #782-4130 Dis Road'),
  (6,'3957 Id, Rd.'),
  (7,'P.O. Box 755, 3445 Phasellus Avenue'),
  (8,'933-8303 Eros. Avenue'),
  (9,'905-7962 Suspendisse Ave'),
  (10,'Ap #976-3948 Dis Rd.'),
  (11,'646-9219 Ut Ave'),
  (12,'Ap #797-8348 Montes, Street'),
  (13,'P.O. Box 895, 6175 Pharetra Rd.'),
  (14,'Ap #133-3099 Auctor Road'),
  (15,'7915 Tellus St.'),

  (16,'660-9034 Ullamcorper St.'),
  (17,'Ap #330-5659 Vestibulum St.'),
  (18,'244-2316 Ut, Street'),
  (19,'7531 Egestas. Rd.'),
  (20,'856-7262 Eu Street'),
  (21,'P.O. Box 532, 5224 Est Avenue'),
  (22,'P.O. Box 541, 8130 Mauris St.'),
  (23,'Ap #722-2816 Et, Road'),
  (24,'8183 Et Rd.'),
  (25,'Ap #619-3293 Molestie Rd.'),
  (26,'2238 Nec Avenue'),
  (27,'270-4220 Sem Avenue'),
  (28,'2112 Quis Street'),
  (29,'215-2421 Mi St.'),
  (30,'P.O. Box 889, 2390 Dis Rd.'),

  (31,'746-9223 Orci Avenue'),
  (32,'P.O. Box 433, 1273 Vestibulum. Rd.'),
  (33,'P.O. Box 266, 9732 Molestie. Av.'),
  (34,'125-1375 Metus Road'),
  (35,'885-4738 Et Ave'),
  (36,'Ap #996-3313 Morbi Rd.'),
  (37,'P.O. Box 374, 478 Velit. Road'),
  (38,'Ap #699-8208 Auctor Street'),
  (39,'4996 Dignissim Road'),
  (40,'P.O. Box 769, 9936 Adipiscing St.'),
  (41,'907-6636 Non Street'),
  (42,'996-3476 Sem St.'),
  (43,'7893 Sodales. Rd.'),
  (44,'Ap #183-7610 Nascetur Street'),
  (45,'Ap #635-5079 Faucibus Road'),

  (46,'Ap #425-9635 Sem Av.'),
  (47,'Ap #405-6351 Praesent St.'),
  (48,'987-6117 Ligula. St.'),
  (49,'649-6884 Pede, Rd.'),
  (50,'Ap #272-8229 Vulputate St.'),

  (51,'3656 Turpis. Rd.'),
  (52,'2880 Eu Av.'),
  (53,'P.O. Box 581, 478 Aliquam Ave'),
  (54,'158-8523 Mi Ave'),
  (55,'946 Nibh. St.'),
  (56,'Ap #911-6802 Ante, Avenue'),
  (57,'Ap #691-9648 Proin Av.'),
  (58,'Ap #544-9446 Erat. Rd.'),
  (59,'566-136 Magna. Street'),
  (60,'P.O. Box 724, 3187 Aliquam St.'),
  (61,'294-4568 Malesuada St.'),
  (62,'Ap #945-363 Hendrerit Road'),
  (63,'877-5565 Quis Rd.'),
  (64,'518-3988 Felis. Road'),
  (65,'Ap #811-1873 At St.'),

  (66,'369-517 Odio. Rd.'),
  (67,'Ap #208-9900 Pellentesque St.'),
  (68,'293-154 Quis Rd.'),
  (69,'155-5645 Tincidunt Avenue'),
  (70,'3536 Morbi Street'),
  (71,'P.O. Box 281, 3010 A, Ave'),
  (72,'606-4364 Fusce St.'),
  (73,'P.O. Box 103, 3548 Fringilla St.'),
  (74,'Ap #283-614 Auctor. Street'),
  (75,'143-1598 Senectus Rd.'),
  (76,'860-9585 Ipsum. Ave'),
  (77,'Ap #735-9210 Tellus St.'),
  (78,'Ap #564-2664 A, Road'),
  (79,'Ap #961-6503 Mauris Ave'),
  (80,'P.O. Box 509, 793 Interdum Rd.'),

  (81,'1093 Phasellus Avenue'),
  (82,'328-4043 Odio. Street'),
  (83,'698-4971 A Rd.'),
  (84,'554-5068 Vulputate Street'),
  (85,'P.O. Box 848, 2358 Vehicula St.'),
  (86,'P.O. Box 164, 528 Semper St.'),
  (87,'6837 Urna. Rd.'),
  (88,'5511 Tortor, Ave'),
  (89,'Ap #693-6501 In Ave'),
  (90,'261-3692 Ut Ave'),
  (91,'Ap #141-6126 Vel St.'),
  (92,'4214 Semper Rd.'),
  (93,'8725 Pretium Rd.'),
  (94,'7033 Massa St.'),
  (95,'Ap #648-2538 Facilisi. Rd.'),

  (96,'P.O. Box 807, 4508 Lacus, Avenue'),
  (97,'182-818 Sagittis Rd.'),
  (98,'Ap #229-8671 In St.'),
  (99,'P.O. Box 381, 5947 Elit Ave'),
  (100,'Ap #980-9345 Etiam Rd.'),

  (101,'P.O. Box 189, 1063 Sed Av.'),
  (102,'9048 Nulla. Street'),
  (103,'Ap #527-1804 Adipiscing, Street'),
  (104,'Ap #571-8083 Nec Rd.'),
  (105,'5802 Lacus. St.'),
  (106,'P.O. Box 274, 6244 Sem, Ave'),
  (107,'Ap #216-1603 In Rd.'),
  (108,'3143 Dictum. Rd.'),
  (109,'Ap #296-5334 Placerat, Avenue'),
  (110,'9342 Integer St.'),
  (111,'140-8836 Quisque Rd.'),
  (112,'Ap #879-5490 Ac Street'),
  (113,'Ap #395-5484 Eu Street'),
  (114,'Ap #874-4600 Non, Road'),
  (115,'Ap #621-5419 Auctor Ave'),

  (116,'242-8391 At St.'),
  (117,'224-9374 Mauris Road'),
  (118,'P.O. Box 624, 5116 In Rd.'),
  (119,'5372 A, Rd.'),
  (120,'Ap #895-2471 Dolor, Road'),
  (121,'560-8509 Neque. Av.'),
  (122,'7401 Enim St.'),
  (123,'218 Nulla Road'),
  (124,'282-3291 Neque Av.'),
  (125,'157-4229 Fusce Street'),
  (126,'456-2925 Aliquam Avenue'),
  (127,'Ap #539-9468 Phasellus Ave'),
  (128,'P.O. Box 357, 3055 Molestie Street'),
  (129,'399-4270 Egestas. Av.'),
  (130,'Ap #797-2163 Justo Rd.'),

  (131,'Ap #234-1388 Commodo Avenue'),
  (132,'Ap #706-2548 Vitae, Rd.'),
  (133,'584-7996 Dolor Street'),
  (134,'520-4885 Sem Rd.'),
  (135,'Ap #668-2701 Suspendisse St.'),
  (136,'Ap #773-6342 Sit St.'),
  (137,'617-9579 Odio. Rd.'),
  (138,'P.O. Box 852, 1163 Vehicula. Ave'),
  (139,'Ap #380-3926 Aenean Avenue'),
  (140,'Ap #120-6703 Semper, Av.'),
  (141,'P.O. Box 963, 1920 Dui Avenue'),
  (142,'P.O. Box 523, 1778 Tellus Road'),
  (143,'815-6370 Nulla St.'),
  (144,'Ap #124-7843 Et Ave'),
  (145,'414-408 Lorem Ave'),

  (146,'P.O. Box 202, 8542 Ligula. Av.'),
  (147,'645-9446 Ullamcorper. Ave'),
  (148,'4169 Velit Road'),
  (149,'232 Proin St.'),
  (150,'P.O. Box 965, 4800 Vitae Rd.'),

  (151,'302-9824 Est Road'),
  (152,'529-3393 Lectus Ave'),
  (153,'Ap #459-9293 In Rd.'),
  (154,'202-7227 Nam Av.'),
  (155,'595 Eu Street'),
  (156,'284-1770 Tincidunt Rd.'),
  (157,'P.O. Box 660, 522 Adipiscing Rd.'),
  (158,'3715 Nisl Road'),
  (159,'Ap #467-836 Donec Av.'),
  (160,'863-2091 Nisi Ave'),
  (161,'166-5200 Neque. Ave'),
  (162,'854 Commodo Rd.'),
  (163,'P.O. Box 290, 6641 Habitant Rd.'),
  (164,'Ap #537-4360 Vel Rd.'),
  (165,'Ap #149-6835 Arcu. St.'),

  (166,'973-1856 Ornare, Rd.'),
  (167,'8337 Ornare. Rd.'),
  (168,'6793 Scelerisque Ave'),
  (169,'450-7917 Sociis St.'),
  (170,'P.O. Box 597, 992 Amet Rd.'),
  (171,'Ap #716-293 Consectetuer Street'),
  (172,'321-8126 Nulla. Street'),
  (173,'Ap #474-8005 Libero Rd.'),
  (174,'Ap #160-980 Ultricies Av.'),
  (175,'Ap #417-6070 At Road'),
  (176,'Ap #420-8324 Dis Rd.'),
  (177,'Ap #683-9159 Sit St.'),
  (178,'Ap #295-1476 Posuere St.'),
  (179,'Ap #617-9891 Natoque Avenue'),
  (180,'567-7529 Accumsan Ave'),

  (181,'5752 Risus. Av.'),
  (182,'P.O. Box 943, 6297 Egestas Road'),
  (183,'803-1458 Aliquam Rd.'),
  (184,'Ap #904-5462 Rutrum, Av.'),
  (185,'5688 Vel, Avenue'),
  (186,'4052 Ac St.'),
  (187,'P.O. Box 190, 774 Accumsan Av.'),
  (188,'7198 Penatibus Avenue'),
  (189,'Ap #801-2889 Ut, Rd.'),
  (190,'7699 Posuere Street'),
  (191,'Ap #682-7873 Lorem, St.'),
  (192,'619-3230 Sapien, Road'),
  (193,'P.O. Box 907, 9301 Suspendisse Street'),
  (194,'P.O. Box 423, 6533 Amet Ave'),
  (195,'293-9372 Suspendisse St.'),

  (196,'635-3653 Augue Road'),
  (197,'915-8253 Risus. St.'),
  (198,'P.O. Box 599, 3166 Diam. Ave'),
  (199,'Ap #159-898 Ligula. Avenue'),
  (200,'496-2940 Amet Ave'),

  (201,'4693 Mauris Ave'),
  (202,'P.O. Box 834, 458 Tempor Road'),
  (203,'Ap #480-4791 Dui. Ave'),
  (204,'Ap #500-5177 Tellus Rd.'),
  (205,'470-5028 Sed Rd.'),
  (206,'Ap #682-3237 Tincidunt. Avenue'),
  (207,'517-6930 A, Ave'),
  (208,'P.O. Box 975, 7393 Nisi. Avenue'),
  (209,'9892 Elit. St.'),
  (210,'9231 Quis Rd.'),
  (211,'308-4410 Donec Rd.'),
  (212,'750-7578 Magna. Av.'),
  (213,'5081 Eget Road'),
  (214,'Ap #185-1990 Dui Avenue'),
  (215,'9395 Sed, Av.'),

  (216,'Ap #166-6996 Non, Street'),
  (217,'3407 Quisque St.'),
  (218,'719-7470 Vehicula Av.'),
  (219,'5198 Leo, Street'),
  (220,'P.O. Box 784, 3928 Vel Rd.'),
  (221,'Ap #204-7382 Sit Street'),
  (222,'P.O. Box 226, 6290 Et, St.'),
  (223,'660-4641 A Rd.'),
  (224,'5375 Luctus St.'),
  (225,'163-8218 Duis Rd.'),
  (226,'865-4047 Odio. Av.'),
  (227,'Ap #939-2671 Magna Street'),
  (228,'785-3568 Eu Ave'),
  (229,'Ap #818-768 A St.'),
  (230,'889-4874 Congue Road'),

  (231,'Ap #842-3669 Eu Rd.'),
  (232,'Ap #581-6141 At, Street'),
  (233,'288-2252 Vitae, Rd.'),
  (234,'397-8035 Risus St.'),
  (235,'Ap #407-5795 Habitant Street'),
  (236,'Ap #844-3732 Urna. Av.'),
  (237,'P.O. Box 405, 3237 Risus. Av.'),
  (238,'149-5868 Interdum. Road'),
  (239,'Ap #386-9842 Suspendisse Street'),
  (240,'3415 Non St.'),
  (241,'875 Ac, Road'),
  (242,'8662 Magna. St.'),
  (243,'Ap #913-398 Orci Av.'),
  (244,'Ap #717-9265 Non Av.'),
  (245,'Ap #965-2945 Ultrices. Ave'),

  (246,'P.O. Box 292, 2655 Feugiat Ave'),
  (247,'Ap #122-3268 Dolor St.'),
  (248,'P.O. Box 689, 4376 Purus. St.'),
  (249,'P.O. Box 909, 4106 Nisi. Ave'),
  (250,'Ap #371-7407 Quam, Rd.'),

  (251,'206-3272 Molestie St.'),
  (252,'505-7427 Mauris Street'),
  (253,'9745 Neque Rd.'),
  (254,'Ap #766-1365 In Rd.'),
  (255,'Ap #627-1799 Nunc Avenue'),
  (256,'Ap #304-2872 Orci St.'),
  (257,'P.O. Box 154, 4575 Ligula Av.'),
  (258,'P.O. Box 437, 7514 Id Avenue'),
  (259,'Ap #511-683 Nam Ave'),
  (260,'793-7258 Convallis St.'),
  (261,'Ap #878-4004 Nunc Street'),
  (262,'Ap #137-8225 Vel, Rd.'),
  (263,'Ap #398-7321 Mus. Avenue'),
  (264,'262-1356 Dolor, Road'),
  (265,'Ap #166-4527 Ac St.'),

  (266,'2337 Molestie St.'),
  (267,'795-9927 Duis Street'),
  (268,'P.O. Box 414, 1590 Sapien, Street'),
  (269,'353-8612 Eu Rd.'),
  (270,'Ap #221-4354 Etiam Ave'),
  (271,'Ap #566-9836 Id Ave'),
  (272,'5615 Augue Street'),
  (273,'Ap #764-838 Inceptos Street'),
  (274,'579-4323 Sapien, Rd.'),
  (275,'396-280 Ut Street'),
  (276,'183-6768 Lectus Road'),
  (277,'579-5056 Ac, Road'),
  (278,'Ap #254-5785 Eros. St.'),
  (279,'Ap #336-4549 Ipsum. Ave'),
  (280,'769 Est, Rd.'),

  (281,'2489 Integer Rd.'),
  (282,'P.O. Box 259, 8095 Nec St.'),
  (283,'Ap #519-2123 Quam Road'),
  (284,'472-7083 Magna. Ave'),
  (285,'Ap #911-3275 Lacus. Rd.'),
  (286,'Ap #595-5424 Enim. Avenue'),
  (287,'P.O. Box 184, 7494 Auctor Road'),
  (288,'Ap #358-8298 Cubilia Av.'),
  (289,'1000 Risus. Avenue'),
  (290,'965-6876 Justo. Ave'),
  (291,'1484 Luctus. Rd.'),
  (292,'9910 Egestas. St.'),
  (293,'Ap #431-681 Ut, Rd.'),
  (294,'Ap #407-6381 Fringilla, Ave'),
  (295,'1222 Sit St.'),

  (296,'Ap #746-7944 Id Rd.'),
  (297,'Ap #546-4671 Montes, St.'),
  (298,'Ap #818-8532 Metus St.'),
  (299,'P.O. Box 797, 1865 Nec Av.'),
  (300,'P.O. Box 958, 9947 Ante Rd.'),

  (301,'P.O. Box 379, 6362 Neque. Rd.'),
  (302,'Ap #656-4430 Magna Road'),
  (303,'156-1813 Malesuada Avenue'),
  (304,'755-6358 Odio St.'),
  (305,'609-5645 Nec Avenue'),
  (306,'Ap #459-4387 Nonummy. Rd.'),
  (307,'Ap #493-7518 Iaculis Avenue'),
  (308,'263-4053 Montes, St.'),
  (309,'230 Dictum St.'),
  (310,'Ap #833-3152 Vivamus Road'),
  (311,'972-9817 Sed St.'),
  (312,'Ap #174-924 Cum Rd.'),
  (313,'P.O. Box 697, 9584 Aliquet. St.'),
  (314,'199-2703 Nec, Avenue'),
  (315,'530-1289 Ipsum. Rd.'),

  (316,'4422 Primis Rd.'),
  (317,'Ap #500-7013 Proin St.'),
  (318,'Ap #184-302 Ac Av.'),
  (319,'480-2809 Eros. Ave'),
  (320,'866-5153 Mauris St.'),
  (321,'9248 Eros. St.'),
  (322,'5776 A St.'),
  (323,'267-7592 Viverra. Rd.'),
  (324,'P.O. Box 588, 9778 Placerat. Rd.'),
  (325,'8878 Amet, Rd.'),
  (326,'P.O. Box 539, 5498 Lacinia. Road'),
  (327,'656-5635 Sem Road'),
  (328,'2393 Metus. St.'),
  (329,'Ap #926-5712 Ipsum St.'),
  (330,'P.O. Box 928, 5512 Donec Rd.'),

  (331,'P.O. Box 866, 4100 Aliquet Road'),
  (332,'Ap #885-9417 Nulla St.'),
  (333,'Ap #676-8679 Lacus St.'),
  (334,'P.O. Box 360, 8005 Eleifend, Road'),
  (335,'950-9102 Ultrices Avenue'),
  (336,'P.O. Box 922, 3421 Dolor. Road'),
  (337,'865-9799 Ut Road'),
  (338,'804-4897 Est Street'),
  (339,'Ap #270-737 Montes, St.'),
  (340,'P.O. Box 487, 7139 Sit St.'),
  (341,'998-7125 Dolor Ave'),
  (342,'P.O. Box 221, 2930 Velit St.'),
  (343,'P.O. Box 882, 8707 Ipsum. Ave'),
  (344,'183-5253 Nunc St.'),
  (345,'Ap #176-9705 Nunc Avenue'),

  (346,'P.O. Box 307, 5531 Consequat Av.'),
  (347,'380-1878 Facilisis Avenue'),
  (348,'2114 Non, Ave'),
  (349,'P.O. Box 592, 5029 Integer Av.'),
  (350,'3393 Ac Rd.'),

  (351,'375-6879 Mauris Avenue'),
  (352,'Ap #685-8891 Ipsum. St.'),
  (353,'P.O. Box 545, 4714 Amet Rd.'),
  (354,'P.O. Box 694, 8146 Amet Ave'),
  (355,'P.O. Box 515, 1334 Maecenas Avenue'),
  (356,'4441 Vel Rd.'),
  (357,'P.O. Box 252, 1111 Curabitur Ave'),
  (358,'P.O. Box 363, 6868 Aenean St.'),
  (359,'Ap #784-5908 Morbi Rd.'),
  (360,'Ap #249-9185 Adipiscing Av.'),
  (361,'572-8042 Adipiscing, Road'),
  (362,'Ap #333-2827 Neque St.'),
  (363,'P.O. Box 448, 9346 In Av.'),
  (364,'Ap #597-2258 Consectetuer Rd.'),
  (365,'Ap #115-7048 Vitae, Rd.'),

  (366,'873-5681 Vel St.'),
  (367,'Ap #112-3398 Vehicula St.'),
  (368,'Ap #297-1255 Accumsan Rd.'),
  (369,'470-4881 Quisque St.'),
  (370,'Ap #105-1340 Sit Road'),
  (371,'Ap #345-2014 Odio. Road'),
  (372,'Ap #279-9246 Tristique St.'),
  (373,'251 Ullamcorper. Av.'),
  (374,'Ap #113-6623 Dui. Av.'),
  (375,'737-8711 Tristique Rd.'),
  (376,'Ap #920-8914 Tempor, St.'),
  (377,'328-6379 Tempus Avenue'),
  (378,'739-7932 Donec St.'),
  (379,'184-9446 Scelerisque, Road'),
  (380,'P.O. Box 206, 416 Varius Avenue'),

  (381,'P.O. Box 273, 1966 Pulvinar Rd.'),
  (382,'825-8607 Consequat Rd.'),
  (383,'P.O. Box 582, 3329 Odio. St.'),
  (384,'P.O. Box 951, 4140 Fermentum Rd.'),
  (385,'Ap #548-4531 Mauris. Av.'),
  (386,'Ap #404-7753 Orci, Av.'),
  (387,'448-9714 Arcu. Ave'),
  (388,'Ap #980-8378 Fringilla. St.'),
  (389,'P.O. Box 284, 9446 A, Street'),
  (390,'763-7728 Nonummy Rd.'),
  (391,'Ap #326-5306 Donec Av.'),
  (392,'874-6815 Dolor Rd.'),
  (393,'836-537 Molestie Street'),
  (394,'Ap #716-6291 Integer Ave'),
  (395,'Ap #566-8933 Quisque Avenue'),

  (396,'Ap #160-3475 Porttitor Road'),
  (397,'391-2449 Magna. St.'),
  (398,'Ap #288-7250 Velit. St.'),
  (399,'192-9454 Imperdiet Ave'),
  (400,'533-4140 Non Street'),

  (401,'776-959 Eu, St.'),
  (402,'518-165 Id, Road'),
  (403,'Ap #361-4313 Tellus Road'),
  (404,'280-1538 Sed Rd.'),
  (405,'1304 Donec St.'),
  (406,'163-8324 Sed Road'),
  (407,'Ap #498-7350 Fermentum St.'),
  (408,'P.O. Box 497, 5248 Cubilia Avenue'),
  (409,'Ap #984-132 Erat Av.'),
  (410,'P.O. Box 145, 1581 Morbi Avenue'),
  (411,'Ap #570-4876 Mi Avenue'),
  (412,'Ap #141-6706 Tempor St.'),
  (413,'Ap #833-7362 Neque Av.'),
  (414,'386-554 Lobortis Avenue'),
  (415,'P.O. Box 183, 5622 Arcu St.'),

  (416,'132-7610 Ipsum St.'),
  (417,'Ap #665-5662 Magnis St.'),
  (418,'Ap #470-7219 Vel, St.'),
  (419,'5161 Nulla Street'),
  (420,'Ap #614-6152 Diam Ave'),
  (421,'6703 Dis St.'),
  (422,'Ap #690-7879 Parturient Rd.'),
  (423,'822-2910 Velit Rd.'),
  (424,'896-8541 Maecenas Road'),
  (425,'176-9108 Leo. St.'),
  (426,'Ap #579-6787 In St.'),
  (427,'159-3085 Erat. Road'),
  (428,'P.O. Box 713, 7952 Massa. St.'),
  (429,'909-3707 Pellentesque, Avenue'),
  (430,'P.O. Box 621, 8928 Sit St.'),

  (431,'Ap #139-7052 Nunc Rd.'),
  (432,'Ap #220-9234 Ac Avenue'),
  (433,'430-9010 Phasellus Road'),
  (434,'177-2646 Aliquam Av.'),
  (435,'641-7637 Vulputate, St.'),
  (436,'825-3785 Pharetra. St.'),
  (437,'352-428 In St.'),
  (438,'Ap #663-1795 Arcu. Avenue'),
  (439,'976-4149 Proin St.'),
  (440,'966-8839 Nullam St.'),
  (441,'8104 Luctus Road'),
  (442,'699-5735 Ut, Av.'),
  (443,'P.O. Box 429, 9031 Laoreet Rd.'),
  (444,'511-6330 Cras Road'),
  (445,'P.O. Box 775, 2922 Imperdiet Road'),

  (446,'Ap #288-6845 Lacus. Avenue'),
  (447,'631-3985 Malesuada Av.'),
  (448,'556-5084 Nulla. Rd.'),
  (449,'662-9296 Pharetra. Ave'),
  (450,'Ap #782-6931 Ipsum Rd.'),

  (451,'P.O. Box 755, 1674 Sem St.'),
  (452,'Ap #592-6684 Velit Rd.'),
  (453,'Ap #771-9348 Aliquam Street'),
  (454,'636 Aliquet Street'),
  (455,'P.O. Box 131, 8362 Sed Road'),
  (456,'Ap #329-6700 Montes, Av.'),
  (457,'P.O. Box 441, 9941 Vel St.'),
  (458,'125-9380 Commodo Rd.'),
  (459,'Ap #766-263 Eleifend. Ave'),
  (460,'873-4853 Non, Ave'),
  (461,'Ap #411-5635 Sagittis St.'),
  (462,'P.O. Box 313, 6477 Morbi Avenue'),
  (463,'P.O. Box 189, 805 Orci, Rd.'),
  (464,'Ap #209-2937 Pellentesque Street'),
  (465,'750-6234 Vel Street'),

  (466,'P.O. Box 795, 4101 Urna. St.'),
  (467,'Ap #607-4119 At, Avenue'),
  (468,'Ap #603-2465 Massa. St.'),
  (469,'Ap #574-9292 Pellentesque Ave'),
  (470,'P.O. Box 774, 4547 Montes, Rd.'),
  (471,'Ap #144-5465 Molestie Road'),
  (472,'Ap #840-2333 Dolor Road'),
  (473,'6214 Lobortis. Rd.'),
  (474,'Ap #521-2409 Malesuada Street'),
  (475,'436 A Rd.'),
  (476,'6191 Sapien. Ave'),
  (477,'874-9399 Pharetra Road'),
  (478,'838-7546 Purus. Av.'),
  (479,'P.O. Box 886, 5041 Arcu. Av.'),
  (480,'565-9735 Mi. Rd.'),

  (481,'960-529 Adipiscing Road'),
  (482,'Ap #587-1866 Enim. Ave'),
  (483,'388-2209 Mi Avenue'),
  (484,'6722 A, St.'),
  (485,'1239 Interdum Avenue'),
  (486,'2763 Sem. Street'),
  (487,'Ap #506-9550 Mollis. Avenue'),
  (488,'9672 Parturient Street'),
  (489,'P.O. Box 804, 9280 Neque. Road'),
  (490,'P.O. Box 967, 7495 At Street'),
  (491,'445-4907 Est, St.'),
  (492,'Ap #799-8661 Ante St.'),
  (493,'Ap #469-8047 Interdum Avenue'),
  (494,'249-5242 Commodo St.'),
  (495,'358-9121 Sem Ave'),

  (496,'Ap #265-9232 Parturient Street'),
  (497,'P.O. Box 557, 6965 Eu Av.'),
  (498,'986-7343 Lobortis, Rd.'),
  (499,'Ap #509-1350 Et Ave'),
  (500,'9464 Eu, St.');



 -- passport fill


insert into passport (id, passport_number) values
  (1,'AE485083607178231322633'),
  (2,'GR3078532082833894046562226'),
  (3,'PL42469658521855597441866617'),
  (4,'SM1481230092963077818388214'),
  (5,'HU63858883017638677874346948'),
  (6,'SI67116789860395201'),
  (7,'ME73733975851398837731'),
  (8,'IS343644083295365338616452'),
  (9,'BG92WRZR38373450530616'),
  (10,'AT975419200673313563'),
  (11,'MR2819283464177012193685125'),
  (12,'BH13175343365537847444'),
  (13,'MT09XWIR11655607345968621956697'),
  (14,'MC6257197456148638730423684'),
  (15,'CZ2163132884833723540661'),

  (16,'AZ87942363422782657317673968'),
  (17,'PL44122534413104931425804968'),
  (18,'LB91562155162638347882982634'),
  (19,'IL624256335202067832683'),
  (20,'NL29QRON9994180566'),
  (21,'DK1978174582314437'),
  (22,'SK7752762617683128440546'),
  (23,'VG4114145304924679388117'),
  (24,'FR9266990592334642888644465'),
  (25,'GL4526096710864536'),
  (26,'TR912758969257108658145527'),
  (27,'GL4345575636267237'),
  (28,'KW5084542780667686159865924076'),
  (29,'KW6522761269438567453575798569'),
  (30,'SK9713658193815713794477'),

  (31,'FR5473306813170262367476673'),
  (32,'RO70TRPY4186747945961432'),
  (33,'SA5247002716692740678568'),
  (34,'IT755WOWPI41779336243130714'),
  (35,'TR781512721282324863533628'),
  (36,'RS77663334213133718265'),
  (37,'FI8768341722238273'),
  (38,'MD7015280194604986313348'),
  (39,'AZ02615183765278457554385166'),
  (40,'LU945747475624196271'),
  (41,'KW9797952500629783890467886416'),
  (42,'BA401841613437827056'),
  (43,'LV52JKBN9467503641659'),
  (44,'FO0598517816783855'),
  (45,'FR4463319904820742972732682'),

  (46,'FI5658624395361340'),
  (47,'MD7966198113161585286113'),
  (48,'SE3748375335276888569793'),
  (49,'RO37NCMK6432660668746531'),
  (50,'HR7066724532868279736'),

  (51,'TN8215107054222026819111'),
  (52,'BG20TQOM15768349220489'),
  (53,'TR448759527194193617970686'),
  (54,'CZ4137117915682122311483'),
  (55,'AT347140590920283893'),
  (56,'SI83488573174162201'),
  (57,'KW0425445265312634406119441234'),
  (58,'RO82TSYM5570469086634113'),
  (59,'KZ110628748023384504'),
  (60,'SK1638415432377113138385'),
  (61,'AE799879460723362921761'),
  (62,'SE7522628511828416695564'),
  (63,'DK6561847276127567'),
  (64,'BH30515295574464219458'),
  (65,'SK5818539941487845837983'),

  (66,'GL4773101882304630'),
  (67,'PL70873641846687764743915526'),
  (68,'NL34XCOX3757572331'),
  (69,'SE4367575886301306564738'),
  (70,'ME17583524768045037656'),
  (71,'GL0276559075313253'),
  (72,'HU65043264752455873376788914'),
  (73,'AZ29433494713715959373401619'),
  (74,'KW7811975663482155946512054653'),
  (75,'FI6315266372795488'),
  (76,'SM7438278681853499343373876'),
  (77,'EE369786578200945336'),
  (78,'IL513698848664282617119'),
  (79,'LT839406339357094373'),
  (80,'LB55431332715437820407130551'),

  (81,'GI33CFYJ716878565292761'),
  (82,'MD9102662870088925716791'),
  (83,'DE63178504425484555803'),
  (84,'AD8162618835487777602587'),
  (85,'IL834052513172645154810'),
  (86,'AZ33778912372883415081534014'),
  (87,'RO07LEKN5777767658662568'),
  (88,'FR0827368626528179307647766'),
  (89,'AD0627335236007775023971'),
  (90,'RS75512389355536170518'),
  (91,'CR2297532955761127384'),
  (92,'GE98284113852639346385'),
  (93,'TR956865676100748544779736'),
  (94,'HR8289925164310344804'),
  (95,'AZ11558459824975033733267719'),

  (96,'PT29220375168351475613160'),
  (97,'LI3529378834938732823'),
  (98,'HU35466383016734366434417615'),
  (99,'AD9282881741748449591807'),
  (100,'GR4206754715461496740287363'),

  (101,'KW7634298534889563107617895801'),
  (102,'GE20072070285929115138'),
  (103,'EE583151235435747343'),
  (104,'DK7005516165265584'),
  (105,'BE29477894136246'),
  (106,'HR2974761607344979823'),
  (107,'VG6763211672116562578692'),
  (108,'DE02284237672574138814'),
  (109,'ME65861135157629834438'),
  (110,'IS749416863813253673897535'),
  (111,'LT545794196806961396'),
  (112,'GR1533464504257622401682166'),
  (113,'BG35HGOV58487673246063'),
  (114,'SK8131898710617453219111'),
  (115,'PK4012216675271924588648'),

  (116,'FR2644331012321428884132922'),
  (117,'MK52186675757853549'),
  (118,'GL5172557628788722'),
  (119,'CR3075374498569776197'),
  (120,'TN8148848486388763065046'),
  (121,'SA6381970376544663638726'),
  (122,'PS041433382955532875746366520'),
  (123,'GB23FLBA32433271514713'),
  (124,'MK03134175224574627'),
  (125,'CR5301177731339354922'),
  (126,'EE735101738121654141'),
  (127,'BH32953285219447858470'),
  (128,'PS873832384574548805303735875'),
  (129,'GR2048073131479674159766719'),
  (130,'IE59CGVY24866633474928'),

  (131,'ME50833943833507428424'),
  (132,'ME09548002488158743863'),
  (133,'AZ88042646861210622058951378'),
  (134,'MC0257847350379823578503933'),
  (135,'HR4829665782574577416'),
  (136,'RS52582781751118609567'),
  (137,'TR341368745194144143181811'),
  (138,'ME82887217348286939687'),
  (139,'PK2750524612812328649215'),
  (140,'HR3975888466442327436'),
  (141,'LU461681889041092573'),
  (142,'EE514118286144135949'),
  (143,'RS40334965535332526785'),
  (144,'LU262281750343447117'),
  (145,'TN9685141519429863432777'),

  (146,'IS333942232634428866637971'),
  (147,'GR8376692145454634369110475'),
  (148,'AE283995276897486942858'),
  (149,'AL09367596434079372232072681'),
  (150,'GT67168172658688821214464485'),

  (151,'LU051351128305975852'),
  (152,'PL50868428919118327681421858'),
  (153,'VG2265634615652439283426'),
  (154,'LT967042272083631840'),
  (155,'BE63315612088616'),
  (156,'GB68IJDY86361730352187'),
  (157,'SM2875593844414891841757968'),
  (158,'AZ57786576117253467738832150'),
  (159,'VG1332811491741002471431'),
  (160,'MD1227115895388644086937'),
  (161,'DO07165121513319586080651253'),
  (162,'GR5326516812589576246480422'),
  (163,'DO19554711104674141293846160'),
  (164,'TN1841621448163383433418'),
  (165,'MC3561390771426286448871171'),

  (166,'MC8174656655411217639863133'),
  (167,'RO18JDOR2644850328155230'),
  (168,'MT41VDRD97635380367682722566145'),
  (169,'SI11523948458876104'),
  (170,'CZ4276167585925888259738'),
  (171,'GL5031277186267686'),
  (172,'MR1498613360278876710533001'),
  (173,'AL32751732632530738723658732'),
  (174,'PS363884577580122853291405043'),
  (175,'GB66CRDX12185116456252'),
  (176,'CR0959176786316270522'),
  (177,'MT70WVSG28531950404755182521812'),
  (178,'HU44758896840847205470352723'),
  (179,'PL23351588011619237915368841'),
  (180,'BG94BNTR77283253977322'),

  (181,'SK8243386792348221483914'),
  (182,'AZ22384615333986315210528858'),
  (183,'BE59746569126411'),
  (184,'AD4881631470894300494521'),
  (185,'FR2073927564745691827931141'),
  (186,'VG7161668456160704779625'),
  (187,'SM5894254425718077501030383'),
  (188,'EE513891358641646696'),
  (189,'CR1561567856067843228'),
  (190,'MT56WLMM85818995263715168708625'),
  (191,'KW5253351158865538858458043843'),
  (192,'MT87MMLU25628726782277941121925'),
  (193,'DK4671658602467346'),
  (194,'BH69393674843187622475'),
  (195,'IT435JQWFI83748738386751692'),

  (196,'BG94XDMT65776335880473'),
  (197,'AD0960824555510900482565'),
  (198,'BE70856378343358'),
  (199,'TR507573058221213085774145'),
  (200,'LT858539412025314404'),

  (201,'HR8698815374144822760'),
  (202,'FR7072069464312793975539467'),
  (203,'FR3577888556575235926141029'),
  (204,'EE054764836189446857'),
  (205,'IE07DAYU72712535871676'),
  (206,'IT649BOVBI14003093066337283'),
  (207,'FI1532188688820080'),
  (208,'GR8726114288536277517524588'),
  (209,'HU64566205522488098341294449'),
  (210,'CZ3412698978393649510802'),
  (211,'KZ256885344666589443'),
  (212,'AT601377194711602031'),
  (213,'CH5564128928114345494'),
  (214,'LT316402730633504414'),
  (215,'EE384454752115765280'),

  (216,'AZ79846751477195039099556532'),
  (217,'GT81011045845471381325883031'),
  (218,'AT917366988933762472'),
  (219,'CZ9765518522463468525457'),
  (220,'MC1354424724113171394752448'),
  (221,'LT855748587309639768'),
  (222,'MK82242208784381231'),
  (223,'BA498411844547468558'),
  (224,'BA501967722482293213'),
  (225,'NL61NPWB8386434376'),
  (226,'MU5337318232959396958313155714'),
  (227,'MR9534663703291655562439452'),
  (228,'IE29PDME35325237114321'),
  (229,'IT515MKJCI63670339404019873'),
  (230,'HU41433766334405120458172053'),

  (231,'KZ265812723114841615'),
  (232,'AZ74643111689835785755482962'),
  (233,'DE06472711522425198446'),
  (234,'AE118577671874712418673'),
  (235,'MT68YLVF21122423804750492417464'),
  (236,'NO8723107793695'),
  (237,'ME70442123068146692263'),
  (238,'SA5340459937044518598372'),
  (239,'FI5859183762386321'),
  (240,'LU403246516737342583'),
  (241,'FO8410265565433675'),
  (242,'SI47113610772123746'),
  (243,'IS357449581806850458252003'),
  (244,'BA465661117088981462'),
  (245,'ME70200496968492175178'),

  (246,'RS41160518867827523661'),
  (247,'LI5353737301572886488'),
  (248,'AT397511654178893726'),
  (249,'GL3632111641173171'),
  (250,'LI6170861217871560755'),

  (251,'RO47JRYM4021832554888522'),
  (252,'BH24217884016624868466'),
  (253,'SE2168146535183113433322'),
  (254,'PK9509378255153519273202'),
  (255,'GR8633136445374240262759516'),
  (256,'EE440276481314911856'),
  (257,'SI59187738791682512'),
  (258,'SI07118541094831822'),
  (259,'CR0509285508078247576'),
  (260,'PL22505349665272228392118843'),
  (261,'PT87715750516423126758332'),
  (262,'FO5983822058418824'),
  (263,'ME75330713965826381884'),
  (264,'HU23091527316378932615131254'),
  (265,'LV32XHJD3688955142893'),

  (266,'GT68394407112526984363698504'),
  (267,'IT953IYXNI96211615580257362'),
  (268,'BE19837662055178'),
  (269,'PL69817552135590641671677225'),
  (270,'MC2812564453045655942062917'),
  (271,'KW4516221259932096873753364231'),
  (272,'IS925203359588782192546827'),
  (273,'TN0328163512532460718639'),
  (274,'SI32668347812338383'),
  (275,'IT093OWQGI77379020830811214'),
  (276,'NO9134882015627'),
  (277,'IL944611571346081546276'),
  (278,'AL12141115431625048856061373'),
  (279,'MC5941765979160197124370165'),
  (280,'CH4625338635349224613'),

  (281,'LB93372580177132463315892386'),
  (282,'FI6337541478050311'),
  (283,'HR0544276346884328327'),
  (284,'VG9022449643602753018262'),
  (285,'IL188433613021280768977'),
  (286,'GL5532684937365836'),
  (287,'FI8559695417686493'),
  (288,'NO3525318651805'),
  (289,'MT48AOJZ35553444787320249166334'),
  (290,'RS56560855535851713648'),
  (291,'GT89878466846397730231123124'),
  (292,'ME93174820918483453162'),
  (293,'SM5757762820042117889624481'),
  (294,'SA5768237405276166771851'),
  (295,'LT647426546526562548'),

  (296,'SM4717357841274454755236125'),
  (297,'CY04532906203780322411784922'),
  (298,'MK85602435283865529'),
  (299,'NL18MEEG5829504131'),
  (300,'CH5344745317888646420'),

  (301,'CR4303387345956953435'),
  (302,'VG5096422868775895344173'),
  (303,'ES7568527335738762682294'),
  (304,'PT98427328483021152585154'),
  (305,'IL921135055220478345640'),
  (306,'KW5679712475074015241678881251'),
  (307,'MC3267533151236851738353773'),
  (308,'GR3932469400068101737290116'),
  (309,'IS980738288989411191875773'),
  (310,'GL1523620509273553'),
  (311,'LV48XFNR3034022676658'),
  (312,'CZ6997937417840453854152'),
  (313,'IL285628637187253237649'),
  (314,'KW7973327617031512372408648888'),
  (315,'MR7423495512249443062684141'),

  (316,'LI6389653661155122383'),
  (317,'SE1637170814971740563078'),
  (318,'ME56903488665263381258'),
  (319,'IT796QFJYI51210273402365686'),
  (320,'ME64371668647677174222'),
  (321,'LU377258373858253436'),
  (322,'BA850617740612317355'),
  (323,'GE07550650472152763721'),
  (324,'DK2187178445187728'),
  (325,'AZ16718047864846621168208459'),
  (326,'MK44422670493546939'),
  (327,'DO43137743371857525313125748'),
  (328,'IT286LXWJI26813765710321756'),
  (329,'GL3863471193523260'),
  (330,'VG1161738313676845049046'),

  (331,'GL8465988893005122'),
  (332,'MK10268423955821514'),
  (333,'LI0712235993211526351'),
  (334,'MR0619323342605635650265482'),
  (335,'IL416165418221766461878'),
  (336,'SK6055141549553861831561'),
  (337,'CY20784288692838930024376884'),
  (338,'AE266804166345113757223'),
  (339,'BA980396947403113764'),
  (340,'MR1223108045116798535168169'),
  (341,'IS593140206218612538880018'),
  (342,'BA338854742556700181'),
  (343,'BA856845580962319135'),
  (344,'IL841864250428041171768'),
  (345,'MU7962464963815142044755843196'),

  (346,'LU345429784675258210'),
  (347,'SE6955923855204564764355'),
  (348,'SA1961917943731768775114'),
  (349,'CY44193278281853875421376124'),
  (350,'SM2522675027853378800309357'),

  (351,'PS114983457444341474610552403'),
  (352,'IE58KPPC18867173799252'),
  (353,'SM1577850721216816544872684'),
  (354,'EE066324481479583278'),
  (355,'GT37064861284336433365811259'),
  (356,'RS49344810288724576551'),
  (357,'GT25895527346345236853802488'),
  (358,'IE80MEQV65374495864672'),
  (359,'NO9562692488728'),
  (360,'HU61127192523974287526936742'),
  (361,'ES9038654452838377564209'),
  (362,'BG15NFNO53714258677238'),
  (363,'DO22082832965787751611767452'),
  (364,'MR3931314277450289238724082'),
  (365,'IT346WVQLI45703514792871245'),

  (366,'CH6336768765839268373'),
  (367,'BH35240220353839742617'),
  (368,'DE50105034287286545136'),
  (369,'TR144814383249411753121683'),
  (370,'FO0657551678371648'),
  (371,'RS61722764741168795781'),
  (372,'MR8304314120876365584781926'),
  (373,'MU9238181227771221784613188841'),
  (374,'GI72GQMS878818570395716'),
  (375,'PL46186716142534222314975152'),
  (376,'IE43KYNE91175556397481'),
  (377,'PT56184934672722812057646'),
  (378,'MC6976646190174258262645543'),
  (379,'BG08YNFV78546802341962'),
  (380,'GR5269208513282027156853932'),

  (381,'MT23SJGX37718635555731118329908'),
  (382,'IT233VMLUI21121770200851146'),
  (383,'MD0993052624364665633094'),
  (384,'AL11447505983547568837215274'),
  (385,'EE065260582231266678'),
  (386,'AD7818744593729246256025'),
  (387,'FO9843198474652139'),
  (388,'MT82HBHB36418938283771822647534'),
  (389,'VG5673894735493755780420'),
  (390,'MT19MLKQ12325721582412209348764'),
  (391,'AL54867878317847280354799571'),
  (392,'LI8885270231065271318'),
  (393,'PT46224372622145733507812'),
  (394,'CY71691313492815514497101141'),
  (395,'SE7386732576745547441281'),

  (396,'HR4052555756785676928'),
  (397,'EE945627291191430766'),
  (398,'CR5307723383663577883'),
  (399,'RO68YWTC8685216696841062'),
  (400,'MC0651569566186241117754104'),

  (401,'LT530617164624626612'),
  (402,'IL101103127517565577531'),
  (403,'GE54533167888145592736'),
  (404,'PT92415543513847299665613'),
  (405,'SI70765877256281535'),
  (406,'IL900460966853534034412'),
  (407,'NL31SYUP6774708412'),
  (408,'MD0811617892571783164561'),
  (409,'NO4418454634338'),
  (410,'GT48443248551957836153416655'),
  (411,'NO6724866048841'),
  (412,'RS68530113316804553502'),
  (413,'GR1346747687548410666924814'),
  (414,'ME84454916812504444587'),
  (415,'MD5564167542707206371245'),

  (416,'HU16877749066461666575158503'),
  (417,'BE23846832211715'),
  (418,'GT76538587860686886913655865'),
  (419,'AD3287383211227185534565'),
  (420,'IS411555394495581848127511'),
  (421,'HR2319765835719536462'),
  (422,'MU6644016838473786523647818697'),
  (423,'GB96EEPE86215112045265'),
  (424,'FO3511046668439851'),
  (425,'TR311653242922559235828421'),
  (426,'PS158677222278753206619675471'),
  (427,'DK4285329381023218'),
  (428,'AD2213158242862556171815'),
  (429,'BE75354718688813'),
  (430,'FO5521471476775142'),

  (431,'FI7687381406657331'),
  (432,'AZ51375668773562345748157628'),
  (433,'CH9887036503668163283'),
  (434,'MK89770282500453365'),
  (435,'VG0784551039538353206860'),
  (436,'BA334775408354183547'),
  (437,'ME91822547790388543351'),
  (438,'ME31533358525074215289'),
  (439,'AE434083182178665911337'),
  (440,'LU602195389287014317'),
  (441,'FI7586822683223258'),
  (442,'SM0579263625511880929477629'),
  (443,'IS792126255285125238931486'),
  (444,'LI8466290960649956639'),
  (445,'LI3086313859135285337'),

  (446,'LB45304412804187454811938041'),
  (447,'CY62440510658883788186243862'),
  (448,'GL7415447747514653'),
  (449,'DO21348873756651335297613415'),
  (450,'KW7274236286468109131864751671'),

  (451,'IE73TMVO69986743440463'),
  (452,'LV16BDVL9985718432861'),
  (453,'SE3841554436616626418462'),
  (454,'NL87IFXJ2105333554'),
  (455,'GT32398226518266704447659324'),
  (456,'GE96059726982139430618'),
  (457,'GI60UFVP039885586526685'),
  (458,'MT17ODEO46855964632535736175118'),
  (459,'GL2291647172549323'),
  (460,'ES7818068605726951321035'),
  (461,'RO43SWUJ4851653222088521'),
  (462,'LB98934316554985117044408641'),
  (463,'PL88313415497620736181765384'),
  (464,'MR0286298113563382554208130'),
  (465,'LI1040374412214839818'),

  (466,'KW3715425430238626789004164682'),
  (467,'PT98566273825276526358582'),
  (468,'BA978659194687876067'),
  (469,'BE98181489563597'),
  (470,'AD2540223535125865345232'),
  (471,'AZ59857118105222057755722836'),
  (472,'TR232476535361538411767018'),
  (473,'CZ8957215695890435142475'),
  (474,'AL14460823667511354661287732'),
  (475,'IS173086276595035489278853'),
  (476,'RO87JOVJ3236593718238842'),
  (477,'LB18124381837854142006793453'),
  (478,'BG23WMSD68417291331561'),
  (479,'DO06722444945008443595367784'),
  (480,'BG23BSVB35822762536466'),

  (481,'PT44824939470418214038132'),
  (482,'LB21618710749716267981437521'),
  (483,'GL2141604255648256'),
  (484,'CZ3519624216928747971135'),
  (485,'GB47EUWO84188689163834'),
  (486,'PS024116433505019176675726574'),
  (487,'PS045561640699545622446227823'),
  (488,'DE97628274636365576818'),
  (489,'CH3248485381093462597'),
  (490,'LT902474927516242350'),
  (491,'CY51724476854214706105745461'),
  (492,'AE928414728185129165502'),
  (493,'GT78353467075998084789891670'),
  (494,'LB92050721410211312103472108'),
  (495,'IL402684448933476597268'),

  (496,'MU7560946844738820283038387111'),
  (497,'MK43430265264138255'),
  (498,'AZ40463651032865971782511587'),
  (499,'NL47PWCV2575862262'),
  (500,'GB07DTHE20146664213771');

insert into EMPLOYEE (id, first_name, last_name, address_id) values

  (1,'Hillary','Shelton',1),
  (2,'Brynn','Pitts',2),
  (3,'Brody','Hess',3),
  (4,'Skyler','Lindsey',4),
  (5,'Jade','Burch',5),
  (6,'Wynter','Knowles',6),
  (7,'Alexis','Franklin',7),
  (8,'Hector','Baird',8),
  (9,'Dale','Allison',9),
  (10,'Alfonso','Cameron',10),
  (11,'Imogene','Martin',11),
  (12,'Ignacia','Myers',12),
  (13,'Chadwick','Fernandez',13),
  (14,'Barry','Jackson',14),
  (15,'Ori','Hill',15),

  (16,'Harper','Chambers',16),
  (17,'Oscar','Mccullough',17),
  (18,'Noel','Walsh',18),
  (19,'Dominique','Dorsey',19),
  (20,'Samson','Weiss',20),
  (21,'Simon','Cotton',21),
  (22,'Wesley','Thomas',22),
  (23,'Branden','Gay',23),
  (24,'Kellie','Mcknight',24),
  (25,'Isadora','Lamb',25),
  (26,'Jessica','Le',26),
  (27,'Zelenia','Stein',27),
  (28,'Miriam','Walsh',28),
  (29,'Nola','Owen',29),
  (30,'Vera','Cleveland',30),

  (31,'Hoyt','Doyle',31),
  (32,'Oleg','Jensen',32),
  (33,'Randall','Sellers',33),
  (34,'Sylvester','Stark',34),
  (35,'Arden','Randolph',35),
  (36,'Nissim','Higgins',36),
  (37,'Damian','Munoz',37),
  (38,'Sigourney','Levine',38),
  (39,'Paula','Scott',39),
  (40,'Harrison','Rollins',40),
  (41,'Fitzgerald','Nicholson',41),
  (42,'Indira','Carter',42),
  (43,'Jesse','Little',43),
  (44,'Amity','Vaughn',44),
  (45,'Maggy','Dennis',45),

  (46,'Jelani','Sherman',46),
  (47,'Hadley','Donovan',47),
  (48,'Cameron','Middleton',48),
  (49,'Dane','Eaton',49),
  (50,'Bevis','Garrison',50),

  (51,'Fatima','Anderson',51),
  (52,'Howard','Russell',52),
  (53,'Damon','Levine',53),
  (54,'Nevada','Leon',54),
  (55,'Lester','Bernard',55),
  (56,'Karleigh','Stafford',56),
  (57,'Pandora','Hancock',57),
  (58,'Rosalyn','Pittman',58),
  (59,'Garrison','Williams',59),
  (60,'Lana','Snow',60),
  (61,'Bert','Bartlett',61),
  (62,'Flynn','Marks',62),
  (63,'Malachi','Rich',63),
  (64,'Orlando','Wilder',64),
  (65,'Orlando','Head',65),

  (66,'Elmo','Avery',66),
  (67,'Emerson','Sparks',67),
  (68,'Chester','Jefferson',68),
  (69,'Clayton','Mclean',69),
  (70,'Xenos','Valentine',70),
  (71,'August','Thompson',71),
  (72,'Kitra','Casey',72),
  (73,'Wallace','Vazquez',73),
  (74,'Germaine','Good',74),
  (75,'Slade','Webb',75),
  (76,'Kasimir','Sears',76),
  (77,'Christian','Moody',77),
  (78,'Vanna','Campbell',78),
  (79,'Calvin','Pennington',79),
  (80,'Drew','Daniels',80),

  (81,'Levi','Riggs',81),
  (82,'Avye','Good',82),
  (83,'Griffith','Kirkland',83),
  (84,'Clio','Garza',84),
  (85,'Slade','Witt',85),
  (86,'Mira','Peters',86),
  (87,'Mariam','Blake',87),
  (88,'Lael','Weber',88),
  (89,'Herman','Nicholson',89),
  (90,'Jermaine','Ford',90),
  (91,'Lillith','Yates',91),
  (92,'Chester','Scott',92),
  (93,'Gil','Snider',93),
  (94,'Thane','Dickson',94),
  (95,'Ruby','Weaver',95),

  (96,'Rogan','Downs',96),
  (97,'Orli','Spears',97),
  (98,'Tyrone','Wolfe',98),
  (99,'McKenzie','Mays',99),
  (100,'Mari','Owens',100),

  (101,'Cooper','Browning',101),
  (102,'Akeem','Casey',102),
  (103,'Ahmed','Wilkinson',103),
  (104,'Alfonso','Terry',104),
  (105,'Logan','Thomas',105),
  (106,'Iola','Melton',106),
  (107,'Victor','Mcpherson',107),
  (108,'Hoyt','Ayala',108),
  (109,'Guy','Browning',109),
  (110,'Edan','Lloyd',110),
  (111,'Chandler','Cabrera',111),
  (112,'Avram','Burns',112),
  (113,'Phelan','Schroeder',113),
  (114,'Summer','Hyde',114),
  (115,'Jonas','Wynn',115),

  (116,'Willow','Howell',116),
  (117,'Vaughan','Blackwell',117),
  (118,'Uma','Mccarthy',118),
  (119,'Hasad','Frederick',119),
  (120,'Reece','Price',120),
  (121,'Lacy','Sweet',121),
  (122,'Ezra','Carey',122),
  (123,'Theodore','Vasquez',123),
  (124,'Kelly','Delaney',124),
  (125,'Gail','Pierce',125),
  (126,'Jacob','Rush',126),
  (127,'Denton','Mcgowan',127),
  (128,'Rylee','Howard',128),
  (129,'Francesca','Chan',129),
  (130,'Chantale','Bond',130),

  (131,'Brent','Hinton',131),
  (132,'Cherokee','Gentry',132),
  (133,'Myra','Mays',133),
  (134,'Inez','Gardner',134),
  (135,'Irma','Torres',135),
  (136,'Barclay','Humphrey',136),
  (137,'Andrew','Finch',137),
  (138,'Madeson','Carter',138),
  (139,'Samson','Roach',139),
  (140,'Katelyn','Holland',140),
  (141,'Lydia','Woodward',141),
  (142,'Palmer','Fitzgerald',142),
  (143,'Ulysses','Paul',143),
  (144,'Justin','Jensen',144),
  (145,'Tucker','Foley',145),

  (146,'Belle','Clarke',146),
  (147,'Cheyenne','Wilder',147),
  (148,'Scott','Hahn',148),
  (149,'Dillon','Briggs',149),
  (150,'Barrett','Blackwell',150),

  (151,'Kieran','Hancock',151),
  (152,'Brett','Curry',152),
  (153,'Leslie','Morse',153),
  (154,'Lionel','Hays',154),
  (155,'Axel','Hull',155),
  (156,'Adria','Kane',156),
  (157,'Cheyenne','Vasquez',157),
  (158,'Herrod','Clemons',158),
  (159,'Kylee','Fulton',159),
  (160,'Acton','Powers',160),
  (161,'Robin','Eaton',161),
  (162,'Clementine','Watts',162),
  (163,'Naomi','Woods',163),
  (164,'Scarlett','Hancock',164),
  (165,'Lydia','Solis',165),

  (166,'Whitney','Shields',166),
  (167,'Igor','Hodges',167),
  (168,'Lucy','Lambert',168),
  (169,'Allen','Haynes',169),
  (170,'Faith','Collier',170),
  (171,'Kirk','Bell',171),
  (172,'Alexis','May',172),
  (173,'Astra','Perez',173),
  (174,'Amos','Phelps',174),
  (175,'Susan','Wyatt',175),
  (176,'Rhiannon','Conley',176),
  (177,'Mia','Mclaughlin',177),
  (178,'Chastity','Ruiz',178),
  (179,'Brody','Casey',179),
  (180,'Melinda','Guy',180),

  (181,'Ignatius','Noble',181),
  (182,'Maisie','Valdez',182),
  (183,'Abigail','Combs',183),
  (184,'Aurelia','Young',184),
  (185,'Mariam','Hudson',185),
  (186,'Alyssa','Holloway',186),
  (187,'Silas','Miller',187),
  (188,'Aspen','Dillon',188),
  (189,'Moana','Richardson',189),
  (190,'Kieran','Taylor',190),
  (191,'Dante','Guerrero',191),
  (192,'Delilah','Wells',192),
  (193,'Barbara','Clark',193),
  (194,'Hoyt','Blair',194),
  (195,'Ori','Ray',195),

  (196,'Shelby','Perkins',196),
  (197,'Roary','Guy',197),
  (198,'Uriah','Jacobson',198),
  (199,'Zane','Atkinson',199),
  (200,'Holmes','Frazier',200),

  (201,'Caleb','Sellers',201),
  (202,'Libby','Cameron',202),
  (203,'Moses','Porter',203),
  (204,'Thomas','Maxwell',204),
  (205,'Cora','Hill',205),
  (206,'Len','George',206),
  (207,'Maya','Robbins',207),
  (208,'Myles','Ashley',208),
  (209,'Grace','Gonzalez',209),
  (210,'Cairo','Flowers',210),
  (211,'Quinn','England',211),
  (212,'Hector','Mclaughlin',212),
  (213,'Cameran','Browning',213),
  (214,'Naida','Hopper',214),
  (215,'Ivory','Tyler',215),

  (216,'Piper','Park',216),
  (217,'Karly','Garcia',217),
  (218,'Kamal','Valenzuela',218),
  (219,'Britanney','English',219),
  (220,'Bevis','Duke',220),
  (221,'Kirby','Pena',221),
  (222,'Fitzgerald','Mcintyre',222),
  (223,'Urielle','Beasley',223),
  (224,'Hammett','Pearson',224),
  (225,'Valentine','Townsend',225),
  (226,'Hedy','Rogers',226),
  (227,'Lacey','Salinas',227),
  (228,'Lois','Pearson',228),
  (229,'Brady','Kramer',229),
  (230,'Serina','Fuller',230),

  (231,'Rhiannon','Bernard',231),
  (232,'Gemma','Reynolds',232),
  (233,'Zelenia','Hendrix',233),
  (234,'Deborah','Patterson',234),
  (235,'Leilani','Lancaster',235),
  (236,'Linus','Reynolds',236),
  (237,'Tyler','Townsend',237),
  (238,'Dacey','Pickett',238),
  (239,'Salvador','Wiley',239),
  (240,'Linda','Barton',240),
  (241,'Shelley','Dickerson',241),
  (242,'Beau','Kent',242),
  (243,'Quin','Tran',243),
  (244,'Linus','Hogan',244),
  (245,'Colby','Madden',245),

  (246,'Elaine','Lara',246),
  (247,'Carl','Powers',247),
  (248,'Tyrone','Sampson',248),
  (249,'Murphy','Hodges',249),
  (250,'Helen','Bowman',250),

  (251,'Dai','Huffman',251),
  (252,'Ahmed','Fuentes',252),
  (253,'Audrey','Case',253),
  (254,'Felicia','Oliver',254),
  (255,'Calista','Gillespie',255),
  (256,'Owen','Lowe',256),
  (257,'Scarlett','Emerson',257),
  (258,'Jared','Gallegos',258),
  (259,'Mannix','Alford',259),
  (260,'Hayfa','Noble',260),
  (261,'Maia','Zamora',261),
  (262,'Gemma','Mercer',262),
  (263,'Jaquelyn','Sherman',263),
  (264,'Bruno','Wood',264),
  (265,'Ria','Gibson',265),

  (266,'Ryder','Ford',266),
  (267,'Kasper','Daugherty',267),
  (268,'Robert','Glenn',268),
  (269,'Raven','Maldonado',269),
  (270,'Wyatt','Bullock',270),
  (271,'Thane','Compton',271),
  (272,'Nissim','Huber',272),
  (273,'John','Cain',273),
  (274,'Amal','Wheeler',274),
  (275,'Garrison','Dean',275),
  (276,'Quintessa','Wall',276),
  (277,'Allistair','Porter',277),
  (278,'Finn','Wooten',278),
  (279,'Lara','Alston',279),
  (280,'Macy','Berg',280),

  (281,'Winter','Melton',281),
  (282,'Courtney','Owens',282),
  (283,'Duncan','Molina',283),
  (284,'Armand','Bright',284),
  (285,'Aline','Watson',285),
  (286,'Jelani','Klein',286),
  (287,'Hyacinth','Wilcox',287),
  (288,'Colton','Lott',288),
  (289,'Cade','Jefferson',289),
  (290,'Colorado','Hubbard',290),
  (291,'Regan','Orr',291),
  (292,'Claudia','Spencer',292),
  (293,'Nehru','Chen',293),
  (294,'Katell','Lamb',294),
  (295,'Lenore','Cline',295),

  (296,'Roanna','Perez',296),
  (297,'Emily','Mays',297),
  (298,'Holmes','Ferrell',298),
  (299,'Cole','Hobbs',299),
  (300,'Christian','Perez',300),

  (301,'Karina','Johnson',301),
  (302,'Lamar','Navarro',302),
  (303,'Quinn','Robertson',303),
  (304,'Adria','Whitaker',304),
  (305,'Zorita','Grimes',305),
  (306,'Samuel','Robertson',306),
  (307,'Sylvia','Carroll',307),
  (308,'Jin','Jones',308),
  (309,'Nissim','Greer',309),
  (310,'Jade','Gibbs',310),
  (311,'Sybil','Austin',311),
  (312,'Madaline','Tyler',312),
  (313,'Graiden','Riggs',313),
  (314,'Colt','Rice',314),
  (315,'Molly','Benton',315),

  (316,'Melodie','Vincent',316),
  (317,'Davis','Underwood',317),
  (318,'Alden','Bowman',318),
  (319,'Joseph','Knapp',319),
  (320,'Sacha','Wade',320),
  (321,'Savannah','Russell',321),
  (322,'Brooke','Blackwell',322),
  (323,'Laith','Williams',323),
  (324,'Leslie','Lang',324),
  (325,'Kameko','Mccarthy',325),
  (326,'Steel','Stokes',326),
  (327,'Micah','Cooley',327),
  (328,'Macaulay','Horn',328),
  (329,'Patricia','Contreras',329),
  (330,'Astra','Kerr',330),

  (331,'Gloria','Solis',331),
  (332,'Lev','Butler',332),
  (333,'Lillith','Manning',333),
  (334,'Ann','Dawson',334),
  (335,'Yen','Vargas',335),
  (336,'Leo','Jennings',336),
  (337,'Craig','Clark',337),
  (338,'Rebecca','Drake',338),
  (339,'Cade','Knox',339),
  (340,'Garth','Rowland',340),
  (341,'Elvis','Gould',341),
  (342,'Jelani','Shields',342),
  (343,'Palmer','Dominguez',343),
  (344,'Kenyon','Simon',344),
  (345,'Shelly','Ferrell',345),

  (346,'Anjolie','Mathews',346),
  (347,'Paloma','Adams',347),
  (348,'Aileen','Poole',348),
  (349,'Daquan','Clements',349),
  (350,'Chadwick','Solomon',350),

  (351,'Kelsie','Lawrence',351),
  (352,'Molly','George',352),
  (353,'Margaret','Bullock',353),
  (354,'Bevis','Whitney',354),
  (355,'Wynne','Collins',355),
  (356,'Audra','Whitney',356),
  (357,'Adena','Carney',357),
  (358,'Melyssa','Flowers',358),
  (359,'Jesse','Bowman',359),
  (360,'Dai','French',360),
  (361,'Jeremy','Hammond',361),
  (362,'Damon','Graves',362),
  (363,'Lucian','House',363),
  (364,'Rafael','Howe',364),
  (365,'Warren','Watkins',365),

  (366,'Nyssa','Bird',366),
  (367,'Natalie','Kline',367),
  (368,'Sara','Zamora',368),
  (369,'Kirestin','Lowe',369),
  (370,'Kieran','Gill',370),
  (371,'Stella','Nielsen',371),
  (372,'Autumn','Brock',372),
  (373,'Jarrod','Ramos',373),
  (374,'Price','Gross',374),
  (375,'Indigo','Cleveland',375),
  (376,'Sheila','Kidd',376),
  (377,'Amal','Peck',377),
  (378,'Anastasia','Hahn',378),
  (379,'Yardley','Barnes',379),
  (380,'Savannah','Burt',380),

  (381,'Andrew','Frye',381),
  (382,'Chastity','Cobb',382),
  (383,'Amela','Salas',383),
  (384,'Shay','Anthony',384),
  (385,'Fiona','Jones',385),
  (386,'Regan','Foreman',386),
  (387,'Xantha','Booth',387),
  (388,'Justina','Wiggins',388),
  (389,'Vance','Kelley',389),
  (390,'Lisandra','Snyder',390),
  (391,'Ryan','Erickson',391),
  (392,'Declan','Williamson',392),
  (393,'Clio','Estes',393),
  (394,'Jakeem','Snow',394),
  (395,'Dominic','Fitzpatrick',395),

  (396,'Sebastian','Mcdowell',396),
  (397,'Signe','Calhoun',397),
  (398,'Aidan','Humphrey',398),
  (399,'Daniel','Durham',399),
  (400,'Sybill','Hutchinson',400),

  (401,'Maite','Wade',401),
  (402,'Kato','Madden',402),
  (403,'Cathleen','Sexton',403),
  (404,'Paloma','Pugh',404),
  (405,'Amaya','Ayers',405),
  (406,'Isabella','Powell',406),
  (407,'Stephen','Mccray',407),
  (408,'Elvis','Ortiz',408),
  (409,'Susan','Collins',409),
  (410,'Rowan','Livingston',410),
  (411,'Aphrodite','Baxter',411),
  (412,'Zenia','Pierce',412),
  (413,'Serina','Valenzuela',413),
  (414,'Moana','Simpson',414),
  (415,'Isaac','Robles',415),

  (416,'Jaquelyn','Drake',416),
  (417,'Murphy','Richard',417),
  (418,'Clarke','Warren',418),
  (419,'Driscoll','Park',419),
  (420,'Amena','Martin',420),
  (421,'Raven','Middleton',421),
  (422,'Nero','Howell',422),
  (423,'Samson','Vance',423),
  (424,'Paula','Oliver',424),
  (425,'Griffin','Bond',425),
  (426,'Cathleen','Robinson',426),
  (427,'Jane','Merrill',427),
  (428,'Caryn','Herman',428),
  (429,'Hilary','Zimmerman',429),
  (430,'Gloria','Jimenez',430),

  (431,'Jason','Cummings',431),
  (432,'Kimberly','Joyner',432),
  (433,'Kelsie','Yang',433),
  (434,'Amos','Lang',434),
  (435,'Ruth','Solis',435),
  (436,'Brent','Beard',436),
  (437,'Deacon','Gutierrez',437),
  (438,'Hilary','Sherman',438),
  (439,'Rinah','Pearson',439),
  (440,'Gavin','Kent',440),
  (441,'Maxwell','Reese',441),
  (442,'Dexter','Meyers',442),
  (443,'Gary','Mercado',443),
  (444,'Lee','Wallace',444),
  (445,'Reese','Lott',445),

  (446,'Fulton','Kelly',446),
  (447,'Avram','Lane',447),
  (448,'Cyrus','Kemp',448),
  (449,'Jolie','Curtis',449),
  (450,'Joel','Bentley',450),

  (451,'Iola','Hicks',451),
  (452,'Julian','Love',452),
  (453,'Glenna','Quinn',453),
  (454,'Marny','Kerr',454),
  (455,'Mari','Ayala',455),
  (456,'Xena','Henry',456),
  (457,'Jacob','Noel',457),
  (458,'Yolanda','Rojas',458),
  (459,'Yoshio','Mack',459),
  (460,'Isaiah','Livingston',460),
  (461,'Lester','Stanley',461),
  (462,'Louis','York',462),
  (463,'Zachery','Pratt',463),
  (464,'Neil','Pruitt',464),
  (465,'Lane','Hester',465),

  (466,'Jonah','Palmer',466),
  (467,'Erasmus','Bryant',467),
  (468,'Shana','Hayden',468),
  (469,'Honorato','Walton',469),
  (470,'Benedict','Wyatt',470),
  (471,'Gage','Delgado',471),
  (472,'Karleigh','Pickett',472),
  (473,'Stacey','Merritt',473),
  (474,'Sandra','Neal',474),
  (475,'Melanie','Wolfe',475),
  (476,'Olympia','Alvarez',476),
  (477,'Wing','Tate',477),
  (478,'Shafira','O''connor',478),
  (479,'Shelley','Fischer',479),
  (480,'Julian','Stone',480),

  (481,'Derek','Carson',481),
  (482,'Warren','Hill',482),
  (483,'Logan','Carney',483),
  (484,'Vladimir','Barrett',484),
  (485,'Justina','Donaldson',485),
  (486,'Todd','Bell',486),
  (487,'Wilma','Harrington',487),
  (488,'Abbot','Hess',488),
  (489,'Basil','Mcfadden',489),
  (490,'Flynn','Watkins',490),
  (491,'Axel','Melendez',491),
  (492,'Adrian','Pacheco',492),
  (493,'Norman','Pugh',493),
  (494,'Armando','Wolfe',494),
  (495,'Alexis','Abbott',495),

  (496,'Norman','Mcdaniel',496),
  (497,'Aladdin','Callahan',497),
  (498,'Bertha','Haynes',498),
  (499,'Indigo','Mejia',499),
  (500,'Jackson','Craft',500);



